{
    "rmse": 0.6848312982463273,
    "mae": 0.549575508752811,
    "r2": 0.31782704427963615
}