{
    "rmse": 0.6557396142600213,
    "mae": 0.5084424974748366,
    "r2": 0.26496676630789495
}